time,into,inth,intl,intc,intvwap,intv,v,intoi,oi
29-09-2023 15:31:00,19637.05,19637.05,19637.05,19637.05,0.00,0,0,0,0
29-09-2023 15:30:59,19637.05,19637.05,19637.05,19637.05,0.00,0,0,0,0
29-09-2023 15:29:00,19637.90,19640.30,19633.35,19638.20,0.00,0,0,0,0
29-09-2023 15:28:00,19628.75,19640.90,19628.55,19638.15,0.00,0,0,0,0
29-09-2023 15:27:00,19629.45,19630.95,19625.15,19628.85,0.00,0,0,0,0
29-09-2023 15:26:00,19626.10,19629.75,19625.30,19628.85,0.00,0,0,0,0
29-09-2023 15:25:00,19626.45,19627.90,19623.70,19626.80,0.00,0,0,0,0
29-09-2023 15:24:00,19633.30,19633.90,19625.55,19626.05,0.00,0,0,0,0
29-09-2023 15:23:00,19628.90,19634.80,19627.80,19633.00,0.00,0,0,0,0
29-09-2023 15:22:00,19632.60,19632.90,19627.95,19627.95,0.00,0,0,0,0
29-09-2023 15:21:00,19636.35,19636.95,19631.30,19632.05,0.00,0,0,0,0
29-09-2023 15:20:00,19634.70,19641.55,19634.20,19635.40,0.00,0,0,0,0
29-09-2023 15:19:00,19629.85,19635.00,19628.10,19634.15,0.00,0,0,0,0
29-09-2023 15:18:00,19619.05,19629.60,19619.05,19629.25,0.00,0,0,0,0
29-09-2023 15:17:00,19620.70,19620.80,19618.55,19618.55,0.00,0,0,0,0
29-09-2023 15:16:00,19623.45,19624.05,19620.00,19621.35,0.00,0,0,0,0
29-09-2023 15:15:00,19624.35,19626.70,19622.35,19623.15,0.00,0,0,0,0
29-09-2023 15:14:00,19632.75,19633.10,19623.75,19623.80,0.00,0,0,0,0
29-09-2023 15:13:00,19635.10,19636.10,19632.35,19633.05,0.00,0,0,0,0
29-09-2023 15:12:00,19632.85,19636.40,19631.25,19635.80,0.00,0,0,0,0
29-09-2023 15:11:00,19626.65,19634.05,19625.55,19632.30,0.00,0,0,0,0
29-09-2023 15:10:00,19632.45,19632.45,19624.10,19627.30,0.00,0,0,0,0
29-09-2023 15:09:00,19636.45,19636.95,19631.65,19632.00,0.00,0,0,0,0
29-09-2023 15:08:00,19640.10,19640.10,19634.35,19636.25,0.00,0,0,0,0
29-09-2023 15:07:00,19648.70,19649.25,19641.00,19641.00,0.00,0,0,0,0
29-09-2023 15:06:00,19655.05,19657.50,19649.75,19649.75,0.00,0,0,0,0
29-09-2023 15:05:00,19644.80,19655.50,19641.20,19654.00,0.00,0,0,0,0
29-09-2023 15:04:00,19648.70,19650.40,19644.95,19645.45,0.00,0,0,0,0
29-09-2023 15:03:00,19652.25,19652.90,19647.95,19648.10,0.00,0,0,0,0
29-09-2023 15:02:00,19657.25,19659.20,19653.30,19653.30,0.00,0,0,0,0
29-09-2023 15:01:00,19677.25,19677.25,19658.00,19658.00,0.00,0,0,0,0
29-09-2023 15:00:00,19682.25,19685.30,19676.30,19676.75,0.00,0,0,0,0
29-09-2023 14:59:00,19678.00,19686.85,19678.00,19683.40,0.00,0,0,0,0
29-09-2023 14:58:00,19685.40,19686.25,19677.25,19678.85,0.00,0,0,0,0
29-09-2023 14:57:00,19684.15,19688.50,19683.15,19685.45,0.00,0,0,0,0
29-09-2023 14:56:00,19677.40,19684.35,19674.95,19684.35,0.00,0,0,0,0
29-09-2023 14:55:00,19681.50,19681.80,19676.45,19678.35,0.00,0,0,0,0
29-09-2023 14:54:00,19689.05,19689.85,19680.15,19681.75,0.00,0,0,0,0
29-09-2023 14:53:00,19689.15,19691.95,19686.20,19687.85,0.00,0,0,0,0
29-09-2023 14:52:00,19691.45,19691.75,19688.45,19689.45,0.00,0,0,0,0
29-09-2023 14:51:00,19692.90,19693.65,19689.40,19692.75,0.00,0,0,0,0
29-09-2023 14:50:00,19689.95,19694.25,19687.90,19693.30,0.00,0,0,0,0
29-09-2023 14:49:00,19695.95,19698.10,19689.40,19690.75,0.00,0,0,0,0
29-09-2023 14:48:00,19705.60,19708.80,19694.75,19695.65,0.00,0,0,0,0
29-09-2023 14:47:00,19707.90,19708.50,19704.45,19705.90,0.00,0,0,0,0
29-09-2023 14:46:00,19706.50,19710.25,19705.15,19706.10,0.00,0,0,0,0
29-09-2023 14:45:00,19706.15,19709.90,19703.70,19706.30,0.00,0,0,0,0
29-09-2023 14:44:00,19712.65,19714.15,19705.15,19707.00,0.00,0,0,0,0
29-09-2023 14:43:00,19714.85,19715.90,19711.50,19712.90,0.00,0,0,0,0
29-09-2023 14:42:00,19717.10,19718.80,19713.05,19715.90,0.00,0,0,0,0
29-09-2023 14:41:00,19720.35,19722.25,19715.80,19716.85,0.00,0,0,0,0
29-09-2023 14:40:00,19721.40,19724.00,19719.00,19721.05,0.00,0,0,0,0
29-09-2023 14:39:00,19721.20,19722.10,19718.50,19721.85,0.00,0,0,0,0
29-09-2023 14:38:00,19716.00,19723.40,19714.15,19722.30,0.00,0,0,0,0
29-09-2023 14:37:00,19719.50,19721.25,19716.05,19716.70,0.00,0,0,0,0
29-09-2023 14:36:00,19724.30,19724.45,19718.15,19719.65,0.00,0,0,0,0
29-09-2023 14:35:00,19722.55,19725.50,19719.60,19724.20,0.00,0,0,0,0
29-09-2023 14:34:00,19720.10,19725.95,19718.25,19722.90,0.00,0,0,0,0
29-09-2023 14:33:00,19721.70,19722.40,19718.60,19720.50,0.00,0,0,0,0
29-09-2023 14:32:00,19718.20,19722.55,19716.80,19722.10,0.00,0,0,0,0
29-09-2023 14:31:00,19718.00,19719.40,19716.50,19716.50,0.00,0,0,0,0
29-09-2023 14:30:00,19714.70,19722.45,19714.70,19718.90,0.00,0,0,0,0
29-09-2023 14:29:00,19710.80,19714.65,19709.10,19714.65,0.00,0,0,0,0
29-09-2023 14:28:00,19704.45,19714.10,19704.30,19712.45,0.00,0,0,0,0
29-09-2023 14:27:00,19711.40,19713.15,19704.35,19705.00,0.00,0,0,0,0
29-09-2023 14:26:00,19710.90,19714.60,19708.20,19712.05,0.00,0,0,0,0
29-09-2023 14:25:00,19715.75,19716.50,19709.15,19711.95,0.00,0,0,0,0
29-09-2023 14:24:00,19720.30,19720.40,19714.80,19716.50,0.00,0,0,0,0
29-09-2023 14:23:00,19717.45,19720.65,19714.55,19720.65,0.00,0,0,0,0
29-09-2023 14:22:00,19717.45,19718.05,19713.45,19717.80,0.00,0,0,0,0
29-09-2023 14:21:00,19714.20,19718.10,19712.55,19717.20,0.00,0,0,0,0
29-09-2023 14:20:00,19712.40,19716.00,19711.50,19713.50,0.00,0,0,0,0
29-09-2023 14:19:00,19708.70,19713.70,19707.80,19712.85,0.00,0,0,0,0
29-09-2023 14:18:00,19709.50,19709.50,19704.55,19708.20,0.00,0,0,0,0
29-09-2023 14:17:00,19704.80,19710.40,19702.55,19710.40,0.00,0,0,0,0
29-09-2023 14:16:00,19708.05,19708.95,19704.45,19704.60,0.00,0,0,0,0
29-09-2023 14:15:00,19709.55,19711.45,19706.75,19707.20,0.00,0,0,0,0
29-09-2023 14:14:00,19713.30,19714.25,19709.05,19710.55,0.00,0,0,0,0
29-09-2023 14:13:00,19712.50,19716.35,19710.75,19713.70,0.00,0,0,0,0
29-09-2023 14:12:00,19712.75,19714.65,19710.65,19713.10,0.00,0,0,0,0
29-09-2023 14:11:00,19709.45,19714.95,19709.45,19713.10,0.00,0,0,0,0
29-09-2023 14:10:00,19709.70,19711.35,19707.15,19710.10,0.00,0,0,0,0
29-09-2023 14:09:00,19706.35,19710.15,19704.40,19710.05,0.00,0,0,0,0
29-09-2023 14:08:00,19712.75,19713.40,19706.50,19707.00,0.00,0,0,0,0
29-09-2023 14:07:00,19711.50,19715.50,19710.10,19713.15,0.00,0,0,0,0
29-09-2023 14:06:00,19712.40,19714.00,19710.20,19712.40,0.00,0,0,0,0
29-09-2023 14:05:00,19713.65,19714.70,19710.10,19712.55,0.00,0,0,0,0
29-09-2023 14:04:00,19716.60,19716.80,19710.65,19713.15,0.00,0,0,0,0
29-09-2023 14:03:00,19716.00,19718.20,19715.60,19717.40,0.00,0,0,0,0
29-09-2023 14:02:00,19714.45,19718.25,19712.50,19715.90,0.00,0,0,0,0
29-09-2023 14:01:00,19708.85,19716.25,19706.45,19716.05,0.00,0,0,0,0
29-09-2023 14:00:00,19699.95,19710.35,19699.50,19709.20,0.00,0,0,0,0
29-09-2023 13:59:00,19701.45,19702.65,19699.20,19700.25,0.00,0,0,0,0
29-09-2023 13:58:00,19699.65,19703.75,19696.95,19701.55,0.00,0,0,0,0
29-09-2023 13:57:00,19699.50,19702.05,19697.20,19699.80,0.00,0,0,0,0
29-09-2023 13:56:00,19695.40,19699.65,19694.15,19699.15,0.00,0,0,0,0
29-09-2023 13:55:00,19696.30,19696.30,19691.85,19695.35,0.00,0,0,0,0
29-09-2023 13:54:00,19697.45,19699.70,19694.35,19696.10,0.00,0,0,0,0
29-09-2023 13:53:00,19696.30,19698.60,19693.35,19697.75,0.00,0,0,0,0
29-09-2023 13:52:00,19693.30,19697.65,19691.60,19696.40,0.00,0,0,0,0
29-09-2023 13:51:00,19691.95,19695.70,19690.75,19693.25,0.00,0,0,0,0
29-09-2023 13:50:00,19687.70,19692.45,19686.60,19692.30,0.00,0,0,0,0
29-09-2023 13:49:00,19685.75,19689.40,19684.75,19688.45,0.00,0,0,0,0
29-09-2023 13:48:00,19685.15,19688.85,19683.20,19684.95,0.00,0,0,0,0
29-09-2023 13:47:00,19680.20,19687.70,19679.90,19686.10,0.00,0,0,0,0
29-09-2023 13:46:00,19684.25,19686.05,19677.25,19681.05,0.00,0,0,0,0
29-09-2023 13:45:00,19677.55,19685.25,19676.70,19685.10,0.00,0,0,0,0
29-09-2023 13:44:00,19677.00,19679.55,19674.75,19677.15,0.00,0,0,0,0
29-09-2023 13:43:00,19679.80,19681.40,19675.50,19677.60,0.00,0,0,0,0
29-09-2023 13:42:00,19682.30,19683.10,19676.70,19678.70,0.00,0,0,0,0
29-09-2023 13:41:00,19684.70,19685.65,19681.45,19682.75,0.00,0,0,0,0
29-09-2023 13:40:00,19684.50,19686.70,19683.20,19684.35,0.00,0,0,0,0
29-09-2023 13:39:00,19685.65,19686.50,19683.05,19685.20,0.00,0,0,0,0
29-09-2023 13:38:00,19687.35,19689.35,19684.00,19686.65,0.00,0,0,0,0
29-09-2023 13:37:00,19682.85,19688.75,19681.45,19687.75,0.00,0,0,0,0
29-09-2023 13:36:00,19678.20,19685.60,19677.30,19682.40,0.00,0,0,0,0
29-09-2023 13:35:00,19680.90,19681.60,19677.55,19679.25,0.00,0,0,0,0
29-09-2023 13:34:00,19681.85,19683.75,19679.30,19680.85,0.00,0,0,0,0
29-09-2023 13:33:00,19680.70,19682.50,19678.90,19682.50,0.00,0,0,0,0
29-09-2023 13:32:00,19680.95,19683.80,19678.70,19681.55,0.00,0,0,0,0
29-09-2023 13:31:00,19681.50,19683.30,19678.45,19681.10,0.00,0,0,0,0
29-09-2023 13:30:00,19676.80,19683.65,19675.40,19683.60,0.00,0,0,0,0
29-09-2023 13:29:00,19677.35,19677.65,19674.20,19677.35,0.00,0,0,0,0
29-09-2023 13:28:00,19673.00,19677.95,19671.55,19676.90,0.00,0,0,0,0
29-09-2023 13:27:00,19670.15,19674.15,19668.85,19674.15,0.00,0,0,0,0
29-09-2023 13:26:00,19669.25,19673.70,19667.65,19670.80,0.00,0,0,0,0
29-09-2023 13:25:00,19668.00,19671.65,19666.70,19669.55,0.00,0,0,0,0
29-09-2023 13:24:00,19670.65,19671.55,19664.10,19668.10,0.00,0,0,0,0
29-09-2023 13:23:00,19661.85,19671.85,19661.20,19671.35,0.00,0,0,0,0
29-09-2023 13:22:00,19665.05,19666.75,19658.95,19662.60,0.00,0,0,0,0
29-09-2023 13:21:00,19669.10,19670.60,19664.80,19665.75,0.00,0,0,0,0
29-09-2023 13:20:00,19666.75,19670.60,19664.95,19668.70,0.00,0,0,0,0
29-09-2023 13:19:00,19666.95,19667.70,19663.40,19666.85,0.00,0,0,0,0
29-09-2023 13:18:00,19667.30,19670.00,19663.75,19666.40,0.00,0,0,0,0
29-09-2023 13:17:00,19663.40,19668.40,19662.50,19667.60,0.00,0,0,0,0
29-09-2023 13:16:00,19667.50,19669.25,19661.30,19663.15,0.00,0,0,0,0
29-09-2023 13:15:00,19667.85,19669.15,19663.80,19667.45,0.00,0,0,0,0
29-09-2023 13:14:00,19663.00,19668.30,19661.15,19667.60,0.00,0,0,0,0
29-09-2023 13:13:00,19661.05,19663.80,19657.65,19663.10,0.00,0,0,0,0
29-09-2023 13:12:00,19664.05,19664.85,19658.95,19660.95,0.00,0,0,0,0
29-09-2023 13:11:00,19664.60,19665.50,19661.35,19664.15,0.00,0,0,0,0
29-09-2023 13:10:00,19666.30,19669.10,19663.30,19665.20,0.00,0,0,0,0
29-09-2023 13:09:00,19670.40,19670.40,19663.65,19666.25,0.00,0,0,0,0
29-09-2023 13:08:00,19670.10,19672.90,19668.60,19670.05,0.00,0,0,0,0
29-09-2023 13:07:00,19668.80,19670.65,19667.05,19669.80,0.00,0,0,0,0
29-09-2023 13:06:00,19671.10,19672.45,19667.45,19668.70,0.00,0,0,0,0
29-09-2023 13:05:00,19672.50,19673.20,19669.15,19671.45,0.00,0,0,0,0
29-09-2023 13:04:00,19664.70,19671.25,19662.55,19671.25,0.00,0,0,0,0
29-09-2023 13:03:00,19664.40,19666.15,19661.70,19664.65,0.00,0,0,0,0
29-09-2023 13:02:00,19668.20,19668.75,19662.25,19664.20,0.00,0,0,0,0
29-09-2023 13:01:00,19666.45,19670.10,19664.80,19668.15,0.00,0,0,0,0
29-09-2023 13:00:00,19658.65,19667.45,19658.25,19666.60,0.00,0,0,0,0
29-09-2023 12:59:00,19659.00,19660.00,19655.20,19658.75,0.00,0,0,0,0
29-09-2023 12:58:00,19664.20,19666.55,19656.95,19659.55,0.00,0,0,0,0
29-09-2023 12:57:00,19662.50,19667.20,19662.05,19666.50,0.00,0,0,0,0
29-09-2023 12:56:00,19664.85,19665.95,19661.00,19663.80,0.00,0,0,0,0
29-09-2023 12:55:00,19662.10,19666.80,19661.60,19665.90,0.00,0,0,0,0
29-09-2023 12:54:00,19656.75,19664.20,19655.05,19664.20,0.00,0,0,0,0
29-09-2023 12:53:00,19657.10,19658.35,19652.20,19657.75,0.00,0,0,0,0
29-09-2023 12:52:00,19655.60,19661.15,19655.60,19657.45,0.00,0,0,0,0
29-09-2023 12:51:00,19654.45,19660.40,19652.45,19657.00,0.00,0,0,0,0
29-09-2023 12:50:00,19667.75,19669.35,19655.35,19655.40,0.00,0,0,0,0
29-09-2023 12:49:00,19670.00,19673.25,19667.70,19669.20,0.00,0,0,0,0
29-09-2023 12:48:00,19666.20,19672.40,19666.20,19670.35,0.00,0,0,0,0
29-09-2023 12:47:00,19668.75,19670.90,19665.10,19667.75,0.00,0,0,0,0
29-09-2023 12:46:00,19671.30,19675.05,19669.60,19670.30,0.00,0,0,0,0
29-09-2023 12:45:00,19673.10,19675.10,19670.60,19673.10,0.00,0,0,0,0
29-09-2023 12:44:00,19670.55,19675.70,19670.40,19673.65,0.00,0,0,0,0
29-09-2023 12:43:00,19668.95,19673.40,19668.95,19672.90,0.00,0,0,0,0
29-09-2023 12:42:00,19667.20,19672.45,19667.10,19670.75,0.00,0,0,0,0
29-09-2023 12:41:00,19673.75,19676.20,19669.75,19669.75,0.00,0,0,0,0
29-09-2023 12:40:00,19675.05,19678.60,19672.85,19675.80,0.00,0,0,0,0
29-09-2023 12:39:00,19675.50,19679.90,19674.00,19676.45,0.00,0,0,0,0
29-09-2023 12:38:00,19678.05,19681.55,19675.75,19678.40,0.00,0,0,0,0
29-09-2023 12:37:00,19680.85,19684.05,19678.40,19680.20,0.00,0,0,0,0
29-09-2023 12:36:00,19682.45,19684.20,19681.05,19681.30,0.00,0,0,0,0
29-09-2023 12:35:00,19677.80,19683.95,19677.80,19683.15,0.00,0,0,0,0
29-09-2023 12:34:00,19673.70,19679.30,19673.70,19678.75,0.00,0,0,0,0
29-09-2023 12:33:00,19672.85,19676.50,19672.15,19676.20,0.00,0,0,0,0
29-09-2023 12:32:00,19669.95,19676.20,19669.95,19673.20,0.00,0,0,0,0
29-09-2023 12:31:00,19676.65,19679.45,19670.85,19670.85,0.00,0,0,0,0
29-09-2023 12:30:00,19676.45,19682.95,19676.45,19677.65,0.00,0,0,0,0
29-09-2023 12:29:00,19673.90,19680.40,19673.20,19676.85,0.00,0,0,0,0
29-09-2023 12:28:00,19672.55,19675.80,19671.75,19672.40,0.00,0,0,0,0
29-09-2023 12:27:00,19671.90,19675.85,19671.00,19672.90,0.00,0,0,0,0
29-09-2023 12:26:00,19670.25,19674.25,19670.25,19672.50,0.00,0,0,0,0
29-09-2023 12:25:00,19669.90,19673.05,19669.75,19670.15,0.00,0,0,0,0
29-09-2023 12:24:00,19668.20,19672.75,19668.20,19671.00,0.00,0,0,0,0
29-09-2023 12:23:00,19673.40,19676.75,19668.10,19668.10,0.00,0,0,0,0
29-09-2023 12:22:00,19668.15,19674.70,19665.00,19672.15,0.00,0,0,0,0
29-09-2023 12:21:00,19668.80,19672.25,19667.10,19667.75,0.00,0,0,0,0
29-09-2023 12:20:00,19665.70,19671.70,19665.20,19668.25,0.00,0,0,0,0
29-09-2023 12:19:00,19667.90,19669.90,19664.95,19665.55,0.00,0,0,0,0
29-09-2023 12:18:00,19671.00,19673.60,19666.70,19666.70,0.00,0,0,0,0
29-09-2023 12:17:00,19675.75,19678.55,19669.55,19669.55,0.00,0,0,0,0
29-09-2023 12:16:00,19668.05,19678.25,19668.05,19674.45,0.00,0,0,0,0
29-09-2023 12:15:00,19666.05,19670.05,19663.65,19669.70,0.00,0,0,0,0
29-09-2023 12:14:00,19668.80,19668.80,19662.80,19666.75,0.00,0,0,0,0
29-09-2023 12:13:00,19673.85,19675.05,19667.90,19670.40,0.00,0,0,0,0
29-09-2023 12:12:00,19676.05,19676.40,19670.45,19674.10,0.00,0,0,0,0
29-09-2023 12:11:00,19673.40,19676.65,19672.55,19676.35,0.00,0,0,0,0
29-09-2023 12:10:00,19674.30,19676.70,19670.30,19672.10,0.00,0,0,0,0
29-09-2023 12:09:00,19672.35,19675.75,19670.60,19674.40,0.00,0,0,0,0
29-09-2023 12:08:00,19670.05,19673.15,19669.45,19671.90,0.00,0,0,0,0
29-09-2023 12:07:00,19671.60,19673.35,19668.90,19671.00,0.00,0,0,0,0
29-09-2023 12:06:00,19671.70,19671.70,19666.70,19671.45,0.00,0,0,0,0
29-09-2023 12:05:00,19668.50,19673.40,19666.45,19672.60,0.00,0,0,0,0
29-09-2023 12:04:00,19669.60,19669.60,19665.10,19668.60,0.00,0,0,0,0
29-09-2023 12:03:00,19667.85,19671.10,19666.55,19670.80,0.00,0,0,0,0
29-09-2023 12:02:00,19671.45,19672.60,19666.00,19668.30,0.00,0,0,0,0
29-09-2023 12:01:00,19666.85,19673.45,19666.85,19672.60,0.00,0,0,0,0
29-09-2023 12:00:00,19663.75,19666.55,19663.15,19666.55,0.00,0,0,0,0
29-09-2023 11:59:00,19665.20,19665.20,19658.50,19663.80,0.00,0,0,0,0
29-09-2023 11:58:00,19665.75,19667.00,19664.20,19665.35,0.00,0,0,0,0
29-09-2023 11:57:00,19664.60,19667.80,19664.15,19666.70,0.00,0,0,0,0
29-09-2023 11:56:00,19660.60,19665.55,19659.85,19665.35,0.00,0,0,0,0
29-09-2023 11:55:00,19663.95,19665.60,19660.85,19660.85,0.00,0,0,0,0
29-09-2023 11:54:00,19671.25,19671.95,19661.30,19665.20,0.00,0,0,0,0
29-09-2023 11:53:00,19673.40,19674.30,19670.95,19673.00,0.00,0,0,0,0
29-09-2023 11:52:00,19674.20,19674.70,19670.50,19673.80,0.00,0,0,0,0
29-09-2023 11:51:00,19672.95,19676.55,19672.20,19675.70,0.00,0,0,0,0
29-09-2023 11:50:00,19670.50,19675.95,19670.50,19673.60,0.00,0,0,0,0
29-09-2023 11:49:00,19672.55,19672.75,19667.95,19671.60,0.00,0,0,0,0
29-09-2023 11:48:00,19671.70,19673.85,19670.20,19673.25,0.00,0,0,0,0
29-09-2023 11:47:00,19671.95,19675.80,19670.20,19673.50,0.00,0,0,0,0
29-09-2023 11:46:00,19671.65,19675.35,19671.05,19672.45,0.00,0,0,0,0
29-09-2023 11:45:00,19665.75,19672.40,19665.50,19672.40,0.00,0,0,0,0
29-09-2023 11:44:00,19662.60,19667.85,19661.75,19666.80,0.00,0,0,0,0
29-09-2023 11:43:00,19662.30,19665.30,19661.65,19662.85,0.00,0,0,0,0
29-09-2023 11:42:00,19653.20,19662.40,19652.70,19662.40,0.00,0,0,0,0
29-09-2023 11:41:00,19649.70,19652.90,19647.40,19652.90,0.00,0,0,0,0
29-09-2023 11:40:00,19649.00,19649.70,19645.15,19648.50,0.00,0,0,0,0
29-09-2023 11:39:00,19642.05,19650.65,19641.85,19648.65,0.00,0,0,0,0
29-09-2023 11:38:00,19634.50,19643.65,19634.50,19642.25,0.00,0,0,0,0
29-09-2023 11:37:00,19636.70,19637.35,19632.80,19635.35,0.00,0,0,0,0
29-09-2023 11:36:00,19633.15,19637.75,19632.15,19637.05,0.00,0,0,0,0
29-09-2023 11:35:00,19633.25,19637.30,19632.15,19634.40,0.00,0,0,0,0
29-09-2023 11:34:00,19633.65,19635.25,19630.75,19632.90,0.00,0,0,0,0
29-09-2023 11:33:00,19628.00,19635.55,19628.00,19633.00,0.00,0,0,0,0
29-09-2023 11:32:00,19623.15,19628.80,19623.15,19628.15,0.00,0,0,0,0
29-09-2023 11:31:00,19613.50,19625.40,19613.15,19623.80,0.00,0,0,0,0
29-09-2023 11:30:00,19614.15,19615.60,19612.85,19613.10,0.00,0,0,0,0
29-09-2023 11:29:00,19614.40,19615.80,19612.65,19614.00,0.00,0,0,0,0
29-09-2023 11:28:00,19614.00,19615.50,19613.15,19615.05,0.00,0,0,0,0
29-09-2023 11:27:00,19612.00,19614.65,19611.25,19614.05,0.00,0,0,0,0
29-09-2023 11:26:00,19612.30,19613.35,19610.70,19611.60,0.00,0,0,0,0
29-09-2023 11:25:00,19615.65,19615.95,19611.60,19612.40,0.00,0,0,0,0
29-09-2023 11:24:00,19610.20,19616.25,19609.90,19616.05,0.00,0,0,0,0
29-09-2023 11:23:00,19604.65,19610.40,19603.00,19609.10,0.00,0,0,0,0
29-09-2023 11:22:00,19610.60,19611.15,19602.20,19605.10,0.00,0,0,0,0
29-09-2023 11:21:00,19610.80,19611.90,19609.75,19610.65,0.00,0,0,0,0
29-09-2023 11:20:00,19606.60,19611.20,19606.60,19611.20,0.00,0,0,0,0
29-09-2023 11:19:00,19605.00,19606.80,19603.05,19606.80,0.00,0,0,0,0
29-09-2023 11:18:00,19606.35,19606.45,19602.90,19604.90,0.00,0,0,0,0
29-09-2023 11:17:00,19607.80,19608.20,19605.85,19606.40,0.00,0,0,0,0
29-09-2023 11:16:00,19608.40,19608.80,19606.50,19607.30,0.00,0,0,0,0
29-09-2023 11:15:00,19607.75,19608.80,19606.95,19608.65,0.00,0,0,0,0
29-09-2023 11:14:00,19608.15,19608.45,19605.30,19608.20,0.00,0,0,0,0
29-09-2023 11:13:00,19608.70,19610.60,19607.30,19608.00,0.00,0,0,0,0
29-09-2023 11:12:00,19605.20,19609.05,19602.90,19609.05,0.00,0,0,0,0
29-09-2023 11:11:00,19594.05,19605.40,19593.70,19604.90,0.00,0,0,0,0
29-09-2023 11:10:00,19589.35,19594.85,19589.20,19593.25,0.00,0,0,0,0
29-09-2023 11:09:00,19587.05,19589.75,19585.90,19589.75,0.00,0,0,0,0
29-09-2023 11:08:00,19585.45,19588.75,19584.90,19587.40,0.00,0,0,0,0
29-09-2023 11:07:00,19584.40,19587.80,19583.65,19586.05,0.00,0,0,0,0
29-09-2023 11:06:00,19588.85,19588.85,19584.20,19584.45,0.00,0,0,0,0
29-09-2023 11:05:00,19585.85,19588.80,19583.95,19588.65,0.00,0,0,0,0
29-09-2023 11:04:00,19593.25,19593.60,19585.90,19587.05,0.00,0,0,0,0
29-09-2023 11:03:00,19591.05,19595.85,19591.05,19592.85,0.00,0,0,0,0
29-09-2023 11:02:00,19589.55,19595.60,19589.55,19591.15,0.00,0,0,0,0
29-09-2023 11:01:00,19584.00,19589.40,19582.85,19589.40,0.00,0,0,0,0
29-09-2023 11:00:00,19584.90,19585.45,19579.95,19583.60,0.00,0,0,0,0
29-09-2023 10:59:00,19581.25,19584.85,19581.20,19584.65,0.00,0,0,0,0
29-09-2023 10:58:00,19581.70,19582.75,19579.30,19581.05,0.00,0,0,0,0
29-09-2023 10:57:00,19579.55,19581.15,19577.90,19581.15,0.00,0,0,0,0
29-09-2023 10:56:00,19580.60,19581.70,19578.80,19579.45,0.00,0,0,0,0
29-09-2023 10:55:00,19582.55,19582.95,19579.55,19580.65,0.00,0,0,0,0
29-09-2023 10:54:00,19580.35,19586.85,19577.95,19582.25,0.00,0,0,0,0
29-09-2023 10:53:00,19574.80,19586.25,19574.55,19582.35,0.00,0,0,0,0
29-09-2023 10:52:00,19580.85,19580.85,19574.25,19575.50,0.00,0,0,0,0
29-09-2023 10:51:00,19590.10,19590.35,19578.90,19580.05,0.00,0,0,0,0
29-09-2023 10:50:00,19586.40,19592.45,19585.50,19590.30,0.00,0,0,0,0
29-09-2023 10:49:00,19589.50,19592.10,19586.00,19586.80,0.00,0,0,0,0
29-09-2023 10:48:00,19588.25,19592.15,19586.40,19589.25,0.00,0,0,0,0
29-09-2023 10:47:00,19585.35,19588.55,19583.85,19587.45,0.00,0,0,0,0
29-09-2023 10:46:00,19583.95,19585.50,19582.70,19585.20,0.00,0,0,0,0
29-09-2023 10:45:00,19588.30,19588.55,19583.20,19584.00,0.00,0,0,0,0
29-09-2023 10:44:00,19588.35,19591.95,19587.45,19588.85,0.00,0,0,0,0
29-09-2023 10:43:00,19587.60,19590.30,19586.95,19587.95,0.00,0,0,0,0
29-09-2023 10:42:00,19589.90,19591.40,19586.90,19588.00,0.00,0,0,0,0
29-09-2023 10:41:00,19587.00,19589.70,19584.05,19589.60,0.00,0,0,0,0
29-09-2023 10:40:00,19587.55,19587.55,19583.65,19586.05,0.00,0,0,0,0
29-09-2023 10:39:00,19597.90,19597.90,19588.45,19588.90,0.00,0,0,0,0
29-09-2023 10:38:00,19597.75,19601.90,19596.75,19597.70,0.00,0,0,0,0
29-09-2023 10:37:00,19591.50,19598.85,19591.50,19597.05,0.00,0,0,0,0
29-09-2023 10:36:00,19591.25,19592.90,19590.55,19591.90,0.00,0,0,0,0
29-09-2023 10:35:00,19588.90,19593.65,19587.45,19592.20,0.00,0,0,0,0
29-09-2023 10:34:00,19586.85,19589.25,19585.45,19588.65,0.00,0,0,0,0
29-09-2023 10:33:00,19586.45,19591.60,19586.30,19587.30,0.00,0,0,0,0
29-09-2023 10:32:00,19584.60,19587.60,19582.75,19585.85,0.00,0,0,0,0
29-09-2023 10:31:00,19583.90,19587.45,19583.50,19584.80,0.00,0,0,0,0
29-09-2023 10:30:00,19584.70,19586.65,19583.20,19583.20,0.00,0,0,0,0
29-09-2023 10:29:00,19590.35,19590.40,19584.10,19584.25,0.00,0,0,0,0
29-09-2023 10:28:00,19587.75,19592.95,19587.55,19589.90,0.00,0,0,0,0
29-09-2023 10:27:00,19588.15,19592.00,19586.80,19587.55,0.00,0,0,0,0
29-09-2023 10:26:00,19581.60,19589.75,19580.90,19588.40,0.00,0,0,0,0
29-09-2023 10:25:00,19595.00,19595.00,19575.20,19580.30,0.00,0,0,0,0
29-09-2023 10:24:00,19592.80,19598.35,19592.30,19596.05,0.00,0,0,0,0
29-09-2023 10:23:00,19599.65,19600.10,19591.40,19592.30,0.00,0,0,0,0
29-09-2023 10:22:00,19600.25,19601.80,19598.70,19599.05,0.00,0,0,0,0
29-09-2023 10:21:00,19600.10,19603.80,19598.00,19600.05,0.00,0,0,0,0
29-09-2023 10:20:00,19599.20,19602.05,19596.15,19600.25,0.00,0,0,0,0
29-09-2023 10:19:00,19600.10,19601.25,19598.30,19598.70,0.00,0,0,0,0
29-09-2023 10:18:00,19604.05,19606.00,19599.20,19599.95,0.00,0,0,0,0
29-09-2023 10:17:00,19600.25,19605.75,19600.25,19603.75,0.00,0,0,0,0
29-09-2023 10:16:00,19601.60,19607.75,19599.30,19600.35,0.00,0,0,0,0
29-09-2023 10:15:00,19597.45,19604.40,19597.45,19601.05,0.00,0,0,0,0
29-09-2023 10:14:00,19591.65,19596.75,19590.80,19596.75,0.00,0,0,0,0
29-09-2023 10:13:00,19593.70,19594.80,19590.30,19591.70,0.00,0,0,0,0
29-09-2023 10:12:00,19598.00,19599.05,19592.00,19594.50,0.00,0,0,0,0
29-09-2023 10:11:00,19596.30,19599.70,19595.50,19598.70,0.00,0,0,0,0
29-09-2023 10:10:00,19597.90,19597.90,19591.80,19597.40,0.00,0,0,0,0
29-09-2023 10:09:00,19598.80,19599.45,19594.50,19597.35,0.00,0,0,0,0
29-09-2023 10:08:00,19598.65,19601.45,19598.20,19598.50,0.00,0,0,0,0
29-09-2023 10:07:00,19604.75,19605.00,19598.15,19598.35,0.00,0,0,0,0
29-09-2023 10:06:00,19606.50,19607.75,19603.45,19603.45,0.00,0,0,0,0
29-09-2023 10:05:00,19598.90,19605.85,19598.90,19605.85,0.00,0,0,0,0
29-09-2023 10:04:00,19599.55,19602.50,19597.25,19599.40,0.00,0,0,0,0
29-09-2023 10:03:00,19594.10,19599.35,19593.75,19597.90,0.00,0,0,0,0
29-09-2023 10:02:00,19589.45,19594.65,19589.05,19593.95,0.00,0,0,0,0
29-09-2023 10:01:00,19580.40,19591.45,19580.00,19590.15,0.00,0,0,0,0
29-09-2023 10:00:00,19582.65,19583.25,19576.25,19580.85,0.00,0,0,0,0
29-09-2023 09:59:00,19587.25,19587.25,19581.80,19581.90,0.00,0,0,0,0
29-09-2023 09:58:00,19583.10,19587.90,19581.10,19586.90,0.00,0,0,0,0
29-09-2023 09:57:00,19589.55,19589.80,19583.25,19583.25,0.00,0,0,0,0
29-09-2023 09:56:00,19590.60,19592.40,19586.40,19589.20,0.00,0,0,0,0
29-09-2023 09:55:00,19592.95,19595.35,19589.50,19590.80,0.00,0,0,0,0
29-09-2023 09:54:00,19595.15,19596.70,19589.80,19593.70,0.00,0,0,0,0
29-09-2023 09:53:00,19592.90,19596.90,19589.35,19595.05,0.00,0,0,0,0
29-09-2023 09:52:00,19593.50,19594.10,19591.05,19593.55,0.00,0,0,0,0
29-09-2023 09:51:00,19593.65,19596.55,19590.95,19594.05,0.00,0,0,0,0
29-09-2023 09:50:00,19592.35,19596.25,19588.35,19593.90,0.00,0,0,0,0
29-09-2023 09:49:00,19591.60,19594.15,19589.00,19591.35,0.00,0,0,0,0
29-09-2023 09:48:00,19589.90,19592.75,19585.10,19592.75,0.00,0,0,0,0
29-09-2023 09:47:00,19586.25,19593.00,19585.00,19589.80,0.00,0,0,0,0
29-09-2023 09:46:00,19589.05,19592.00,19583.40,19584.40,0.00,0,0,0,0
29-09-2023 09:45:00,19579.50,19590.15,19579.50,19590.10,0.00,0,0,0,0
29-09-2023 09:44:00,19569.45,19580.10,19569.40,19579.95,0.00,0,0,0,0
29-09-2023 09:43:00,19569.60,19572.75,19568.10,19569.25,0.00,0,0,0,0
29-09-2023 09:42:00,19573.85,19575.20,19569.10,19569.10,0.00,0,0,0,0
29-09-2023 09:41:00,19573.60,19578.60,19572.30,19573.20,0.00,0,0,0,0
29-09-2023 09:40:00,19565.75,19575.00,19564.40,19573.30,0.00,0,0,0,0
29-09-2023 09:39:00,19563.95,19568.70,19562.65,19567.30,0.00,0,0,0,0
29-09-2023 09:38:00,19565.95,19568.05,19561.45,19563.65,0.00,0,0,0,0
29-09-2023 09:37:00,19562.10,19565.70,19560.85,19564.40,0.00,0,0,0,0
29-09-2023 09:36:00,19564.50,19565.95,19561.90,19561.90,0.00,0,0,0,0
29-09-2023 09:35:00,19564.65,19567.80,19557.35,19565.00,0.00,0,0,0,0
29-09-2023 09:34:00,19557.05,19565.95,19556.75,19564.00,0.00,0,0,0,0
29-09-2023 09:33:00,19559.80,19566.55,19551.30,19557.85,0.00,0,0,0,0
29-09-2023 09:32:00,19564.65,19567.70,19561.35,19562.10,0.00,0,0,0,0
29-09-2023 09:31:00,19561.10,19565.70,19558.85,19563.15,0.00,0,0,0,0
29-09-2023 09:30:00,19565.80,19570.60,19558.60,19561.05,0.00,0,0,0,0
29-09-2023 09:29:00,19565.00,19568.40,19564.20,19565.35,0.00,0,0,0,0
29-09-2023 09:28:00,19557.55,19565.60,19557.55,19565.60,0.00,0,0,0,0
29-09-2023 09:27:00,19565.00,19566.35,19557.80,19560.45,0.00,0,0,0,0
29-09-2023 09:26:00,19571.90,19577.10,19565.20,19565.70,0.00,0,0,0,0
29-09-2023 09:25:00,19570.20,19571.55,19560.85,19571.55,0.00,0,0,0,0
29-09-2023 09:24:00,19577.50,19578.50,19569.30,19571.90,0.00,0,0,0,0
29-09-2023 09:23:00,19569.15,19579.25,19569.15,19576.85,0.00,0,0,0,0
29-09-2023 09:22:00,19574.90,19576.25,19569.70,19569.70,0.00,0,0,0,0
29-09-2023 09:21:00,19567.45,19576.25,19566.75,19573.95,0.00,0,0,0,0
29-09-2023 09:20:00,19581.80,19581.80,19562.10,19566.40,0.00,0,0,0,0
29-09-2023 09:19:00,19571.30,19583.05,19571.15,19581.90,0.00,0,0,0,0
29-09-2023 09:18:00,19576.90,19577.15,19566.70,19569.80,0.00,0,0,0,0
29-09-2023 09:17:00,19589.95,19591.05,19578.20,19578.75,0.00,0,0,0,0
29-09-2023 09:16:00,19592.10,19599.60,19587.80,19589.65,0.00,0,0,0,0
29-09-2023 09:15:00,19577.35,19596.25,19577.35,19589.75,0.00,0,0,0,0
29-09-2023 09:14:00,19581.20,19581.20,19581.20,19581.20,0.00,0,0,0,0
29-09-2023 09:13:02,19581.20,19581.20,19581.20,19581.20,0.00,0,0,0,0
29-09-2023 09:12:05,19581.20,19581.20,19581.20,19581.20,0.00,0,0,0,0
29-09-2023 09:11:12,19581.20,19581.20,19581.20,19581.20,0.00,0,0,0,0
29-09-2023 09:10:20,19581.20,19581.20,19581.20,19581.20,0.00,0,0,0,0
29-09-2023 09:09:38,19581.20,19581.20,19581.20,19581.20,0.00,0,0,0,0
29-09-2023 09:08:08,19581.20,19581.20,19581.20,19581.20,0.00,0,0,0,0
29-09-2023 09:07:01,19581.70,19581.90,19580.80,19581.20,0.00,0,0,0,0
29-09-2023 09:06:00,19593.95,19593.95,19579.70,19581.25,0.00,0,0,0,0
29-09-2023 09:05:00,19604.95,19605.00,19593.15,19594.15,0.00,0,0,0,0
29-09-2023 09:04:00,19602.10,19617.60,19594.80,19604.20,0.00,0,0,0,0
29-09-2023 09:03:00,19607.20,19607.20,19590.00,19601.95,0.00,0,0,0,0
29-09-2023 09:02:00,19620.80,19661.70,19610.85,19610.85,0.00,0,0,0,0
29-09-2023 09:01:00,19689.85,19689.85,19600.35,19621.75,0.00,0,0,0,0
29-09-2023 09:00:00,19641.95,19717.85,19612.15,19689.05,0.00,0,0,0,0
28-09-2023 15:31:00,19523.55,19523.55,19523.55,19523.55,0.00,0,0,0,0
28-09-2023 15:30:36,19551.45,19551.45,19551.45,19551.45,0.00,0,0,0,0
28-09-2023 15:29:00,19551.60,19557.50,19547.35,19553.30,0.00,0,0,0,0
28-09-2023 15:28:00,19551.45,19556.25,19548.65,19552.90,0.00,0,0,0,0
28-09-2023 15:27:00,19549.95,19551.15,19546.25,19551.15,0.00,0,0,0,0
28-09-2023 15:26:00,19547.90,19552.30,19546.50,19549.55,0.00,0,0,0,0
28-09-2023 15:25:00,19547.90,19550.90,19545.05,19548.40,0.00,0,0,0,0
28-09-2023 15:24:00,19546.15,19549.50,19545.45,19549.35,0.00,0,0,0,0
28-09-2023 15:23:00,19540.40,19544.90,19539.00,19544.90,0.00,0,0,0,0
28-09-2023 15:22:00,19541.20,19547.25,19539.70,19540.85,0.00,0,0,0,0
28-09-2023 15:21:00,19534.35,19543.05,19532.45,19543.05,0.00,0,0,0,0
28-09-2023 15:20:00,19536.40,19538.70,19531.40,19533.30,0.00,0,0,0,0
28-09-2023 15:19:00,19537.75,19537.75,19532.15,19535.70,0.00,0,0,0,0
28-09-2023 15:18:00,19537.70,19539.55,19532.25,19536.70,0.00,0,0,0,0
28-09-2023 15:17:00,19526.75,19536.75,19525.40,19534.55,0.00,0,0,0,0
28-09-2023 15:16:00,19517.65,19527.45,19516.10,19526.80,0.00,0,0,0,0
28-09-2023 15:15:00,19499.85,19518.10,19499.80,19518.00,0.00,0,0,0,0
28-09-2023 15:14:00,19496.85,19503.00,19496.35,19499.25,0.00,0,0,0,0
28-09-2023 15:13:00,19496.80,19499.85,19493.10,19498.30,0.00,0,0,0,0
28-09-2023 15:12:00,19498.55,19500.05,19495.55,19497.05,0.00,0,0,0,0
28-09-2023 15:11:00,19505.45,19505.45,19498.05,19499.40,0.00,0,0,0,0
28-09-2023 15:10:00,19506.95,19508.85,19504.05,19506.20,0.00,0,0,0,0
28-09-2023 15:09:00,19507.35,19508.60,19504.75,19506.35,0.00,0,0,0,0
28-09-2023 15:08:00,19510.35,19511.80,19506.80,19506.80,0.00,0,0,0,0
28-09-2023 15:07:00,19512.55,19514.85,19508.40,19509.10,0.00,0,0,0,0
28-09-2023 15:06:00,19510.30,19514.95,19506.60,19514.95,0.00,0,0,0,0
28-09-2023 15:05:00,19514.85,19516.00,19509.70,19511.05,0.00,0,0,0,0
28-09-2023 15:04:00,19514.55,19519.15,19512.55,19514.35,0.00,0,0,0,0
28-09-2023 15:03:00,19509.40,19515.00,19506.20,19514.85,0.00,0,0,0,0
28-09-2023 15:02:00,19513.75,19519.95,19508.60,19508.60,0.00,0,0,0,0
28-09-2023 15:01:00,19515.25,19515.25,19508.30,19514.55,0.00,0,0,0,0
28-09-2023 15:00:00,19522.25,19522.25,19511.70,19515.45,0.00,0,0,0,0
28-09-2023 14:59:00,19523.30,19526.55,19521.00,19521.70,0.00,0,0,0,0
28-09-2023 14:58:00,19520.55,19527.15,19518.15,19524.10,0.00,0,0,0,0
28-09-2023 14:57:00,19527.10,19527.10,19519.40,19520.30,0.00,0,0,0,0
28-09-2023 14:56:00,19530.60,19531.20,19527.15,19527.15,0.00,0,0,0,0
28-09-2023 14:55:00,19532.90,19532.95,19528.55,19531.00,0.00,0,0,0,0
28-09-2023 14:54:00,19534.85,19535.20,19529.65,19533.40,0.00,0,0,0,0
28-09-2023 14:53:00,19536.75,19537.85,19534.85,19535.15,0.00,0,0,0,0
28-09-2023 14:52:00,19535.90,19540.85,19535.40,19538.40,0.00,0,0,0,0
28-09-2023 14:51:00,19537.75,19540.35,19536.65,19536.65,0.00,0,0,0,0
28-09-2023 14:50:00,19534.20,19539.50,19533.15,19537.85,0.00,0,0,0,0
28-09-2023 14:49:00,19534.10,19538.05,19532.45,19535.25,0.00,0,0,0,0
28-09-2023 14:48:00,19531.70,19535.85,19531.05,19533.90,0.00,0,0,0,0
28-09-2023 14:47:00,19528.00,19533.90,19527.20,19531.35,0.00,0,0,0,0
28-09-2023 14:46:00,19535.60,19535.60,19526.40,19527.20,0.00,0,0,0,0
28-09-2023 14:45:00,19537.00,19539.95,19533.30,19534.85,0.00,0,0,0,0
28-09-2023 14:44:00,19539.35,19539.35,19534.95,19537.20,0.00,0,0,0,0
28-09-2023 14:43:00,19539.20,19541.10,19536.00,19537.90,0.00,0,0,0,0
28-09-2023 14:42:00,19541.30,19543.25,19539.10,19540.05,0.00,0,0,0,0
28-09-2023 14:41:00,19549.70,19550.35,19540.85,19540.85,0.00,0,0,0,0
28-09-2023 14:40:00,19541.50,19551.40,19541.10,19550.55,0.00,0,0,0,0
28-09-2023 14:39:00,19543.25,19547.50,19539.10,19542.60,0.00,0,0,0,0
28-09-2023 14:38:00,19544.30,19547.45,19541.20,19543.35,0.00,0,0,0,0
28-09-2023 14:37:00,19545.10,19546.10,19541.65,19543.10,0.00,0,0,0,0
28-09-2023 14:36:00,19548.25,19548.25,19541.25,19546.45,0.00,0,0,0,0
28-09-2023 14:35:00,19541.65,19550.50,19539.85,19549.30,0.00,0,0,0,0
28-09-2023 14:34:00,19542.50,19549.00,19540.10,19542.55,0.00,0,0,0,0
28-09-2023 14:33:00,19538.90,19545.60,19536.90,19541.60,0.00,0,0,0,0
28-09-2023 14:32:00,19542.15,19543.70,19537.45,19537.45,0.00,0,0,0,0
28-09-2023 14:31:00,19539.75,19544.15,19537.45,19542.05,0.00,0,0,0,0
28-09-2023 14:30:00,19545.00,19547.15,19539.55,19539.65,0.00,0,0,0,0
28-09-2023 14:29:00,19547.65,19549.10,19542.40,19545.95,0.00,0,0,0,0
28-09-2023 14:28:00,19552.30,19553.20,19547.35,19549.45,0.00,0,0,0,0
28-09-2023 14:27:00,19552.05,19556.00,19547.60,19552.90,0.00,0,0,0,0
28-09-2023 14:26:00,19555.00,19558.05,19549.35,19552.85,0.00,0,0,0,0
28-09-2023 14:25:00,19549.80,19558.00,19549.55,19554.80,0.00,0,0,0,0
28-09-2023 14:24:00,19557.20,19559.10,19549.50,19549.50,0.00,0,0,0,0
28-09-2023 14:23:00,19555.45,19556.40,19550.90,19555.10,0.00,0,0,0,0
28-09-2023 14:22:00,19564.65,19564.95,19553.45,19555.55,0.00,0,0,0,0
28-09-2023 14:21:00,19569.85,19570.55,19562.70,19564.40,0.00,0,0,0,0
28-09-2023 14:20:00,19573.55,19578.45,19569.30,19570.65,0.00,0,0,0,0
28-09-2023 14:19:00,19565.55,19575.50,19565.45,19575.50,0.00,0,0,0,0
28-09-2023 14:18:00,19563.55,19569.65,19561.00,19566.30,0.00,0,0,0,0
28-09-2023 14:17:00,19554.70,19562.70,19554.70,19561.65,0.00,0,0,0,0
28-09-2023 14:16:00,19556.45,19558.55,19553.15,19555.75,0.00,0,0,0,0
28-09-2023 14:15:00,19551.25,19555.90,19548.20,19555.90,0.00,0,0,0,0
28-09-2023 14:14:00,19550.45,19553.25,19549.45,19551.40,0.00,0,0,0,0
28-09-2023 14:13:00,19548.60,19553.35,19548.60,19550.95,0.00,0,0,0,0
28-09-2023 14:12:00,19545.15,19549.85,19543.80,19548.80,0.00,0,0,0,0
28-09-2023 14:11:00,19541.70,19546.05,19540.20,19544.90,0.00,0,0,0,0
28-09-2023 14:10:00,19542.15,19544.60,19541.55,19542.05,0.00,0,0,0,0
28-09-2023 14:09:00,19543.95,19546.85,19542.20,19542.20,0.00,0,0,0,0
28-09-2023 14:08:00,19543.90,19545.95,19542.30,19544.80,0.00,0,0,0,0
28-09-2023 14:07:00,19542.65,19544.35,19540.60,19542.85,0.00,0,0,0,0
28-09-2023 14:06:00,19550.00,19550.00,19540.75,19542.15,0.00,0,0,0,0
28-09-2023 14:05:00,19547.95,19551.20,19546.40,19549.15,0.00,0,0,0,0
28-09-2023 14:04:00,19547.15,19547.35,19543.20,19545.95,0.00,0,0,0,0
28-09-2023 14:03:00,19557.20,19558.50,19546.90,19546.95,0.00,0,0,0,0
28-09-2023 14:02:00,19555.55,19562.00,19554.25,19557.10,0.00,0,0,0,0
28-09-2023 14:01:00,19561.00,19561.95,19555.85,19555.85,0.00,0,0,0,0
28-09-2023 14:00:00,19560.05,19563.25,19558.30,19561.55,0.00,0,0,0,0
28-09-2023 13:59:00,19556.85,19559.50,19555.00,19559.45,0.00,0,0,0,0
28-09-2023 13:58:00,19561.90,19562.00,19557.20,19557.20,0.00,0,0,0,0
28-09-2023 13:57:00,19554.50,19561.85,19554.05,19561.80,0.00,0,0,0,0
28-09-2023 13:56:00,19556.40,19557.45,19553.80,19553.95,0.00,0,0,0,0
28-09-2023 13:55:00,19556.10,19561.00,19555.15,19556.30,0.00,0,0,0,0
28-09-2023 13:54:00,19564.40,19565.55,19557.05,19557.25,0.00,0,0,0,0
28-09-2023 13:53:00,19568.20,19568.40,19563.80,19564.45,0.00,0,0,0,0
28-09-2023 13:52:00,19571.95,19575.70,19568.90,19569.10,0.00,0,0,0,0
28-09-2023 13:51:00,19574.45,19574.75,19571.65,19572.25,0.00,0,0,0,0
28-09-2023 13:50:00,19570.50,19575.80,19569.10,19574.95,0.00,0,0,0,0
28-09-2023 13:49:00,19569.80,19570.85,19567.80,19569.30,0.00,0,0,0,0
28-09-2023 13:48:00,19572.95,19575.05,19568.50,19569.35,0.00,0,0,0,0
28-09-2023 13:47:00,19576.75,19579.80,19572.65,19573.70,0.00,0,0,0,0
28-09-2023 13:46:00,19583.00,19583.80,19577.05,19577.05,0.00,0,0,0,0
28-09-2023 13:45:00,19583.80,19583.80,19581.45,19582.60,0.00,0,0,0,0
28-09-2023 13:44:00,19585.15,19586.60,19582.25,19582.80,0.00,0,0,0,0
28-09-2023 13:43:00,19579.50,19585.90,19578.75,19585.40,0.00,0,0,0,0
28-09-2023 13:42:00,19574.65,19580.05,19574.15,19580.00,0.00,0,0,0,0
28-09-2023 13:41:00,19570.25,19574.90,19568.25,19574.45,0.00,0,0,0,0
28-09-2023 13:40:00,19570.55,19572.75,19568.55,19568.55,0.00,0,0,0,0
28-09-2023 13:39:00,19571.45,19575.65,19569.35,19570.75,0.00,0,0,0,0
28-09-2023 13:38:00,19578.50,19578.55,19570.90,19570.90,0.00,0,0,0,0
28-09-2023 13:37:00,19580.00,19583.30,19579.05,19579.60,0.00,0,0,0,0
28-09-2023 13:36:00,19570.95,19579.25,19570.90,19579.25,0.00,0,0,0,0
28-09-2023 13:35:00,19563.45,19573.80,19563.00,19571.50,0.00,0,0,0,0
28-09-2023 13:34:00,19560.20,19566.55,19558.45,19563.35,0.00,0,0,0,0
28-09-2023 13:33:00,19564.35,19565.40,19557.90,19559.50,0.00,0,0,0,0
28-09-2023 13:32:00,19565.65,19566.75,19564.05,19564.85,0.00,0,0,0,0
28-09-2023 13:31:00,19565.25,19567.15,19563.20,19565.75,0.00,0,0,0,0
28-09-2023 13:30:00,19566.55,19567.40,19564.00,19566.05,0.00,0,0,0,0
28-09-2023 13:29:00,19563.15,19570.00,19562.75,19567.45,0.00,0,0,0,0
28-09-2023 13:28:00,19567.05,19568.05,19562.60,19562.60,0.00,0,0,0,0
28-09-2023 13:27:00,19573.60,19573.60,19565.45,19566.40,0.00,0,0,0,0
28-09-2023 13:26:00,19575.75,19576.70,19571.65,19573.50,0.00,0,0,0,0
28-09-2023 13:25:00,19573.30,19577.10,19572.70,19576.35,0.00,0,0,0,0
28-09-2023 13:24:00,19577.20,19577.90,19572.00,19573.80,0.00,0,0,0,0
28-09-2023 13:23:00,19581.55,19582.60,19577.45,19577.55,0.00,0,0,0,0
28-09-2023 13:22:00,19581.05,19584.20,19580.85,19581.60,0.00,0,0,0,0
28-09-2023 13:21:00,19579.70,19583.65,19578.15,19581.50,0.00,0,0,0,0
28-09-2023 13:20:00,19577.10,19580.55,19576.75,19579.95,0.00,0,0,0,0
28-09-2023 13:19:00,19578.70,19580.00,19574.55,19577.40,0.00,0,0,0,0
28-09-2023 13:18:00,19579.35,19587.95,19577.95,19579.00,0.00,0,0,0,0
28-09-2023 13:17:00,19587.45,19587.65,19577.70,19578.95,0.00,0,0,0,0
28-09-2023 13:16:00,19588.80,19590.65,19585.25,19587.35,0.00,0,0,0,0
28-09-2023 13:15:00,19591.05,19592.85,19587.70,19589.90,0.00,0,0,0,0
28-09-2023 13:14:00,19596.25,19596.45,19589.65,19591.40,0.00,0,0,0,0
28-09-2023 13:13:00,19590.10,19596.75,19590.10,19596.10,0.00,0,0,0,0
28-09-2023 13:12:00,19590.00,19590.90,19587.10,19590.50,0.00,0,0,0,0
28-09-2023 13:11:00,19593.45,19593.85,19588.45,19589.30,0.00,0,0,0,0
28-09-2023 13:10:00,19597.70,19599.60,19593.60,19593.60,0.00,0,0,0,0
28-09-2023 13:09:00,19601.75,19603.90,19596.40,19597.50,0.00,0,0,0,0
28-09-2023 13:08:00,19611.15,19614.40,19600.25,19600.45,0.00,0,0,0,0
28-09-2023 13:07:00,19609.90,19612.05,19605.75,19612.05,0.00,0,0,0,0
28-09-2023 13:06:00,19611.45,19615.95,19607.15,19609.05,0.00,0,0,0,0
28-09-2023 13:05:00,19610.35,19612.40,19607.25,19610.90,0.00,0,0,0,0
28-09-2023 13:04:00,19607.00,19611.80,19606.95,19609.30,0.00,0,0,0,0
28-09-2023 13:03:00,19607.65,19610.85,19606.05,19607.75,0.00,0,0,0,0
28-09-2023 13:02:00,19615.15,19615.15,19606.60,19606.60,0.00,0,0,0,0
28-09-2023 13:01:00,19611.55,19619.80,19610.75,19615.30,0.00,0,0,0,0
28-09-2023 13:00:00,19613.70,19614.75,19607.60,19611.50,0.00,0,0,0,0
28-09-2023 12:59:00,19618.10,19620.95,19613.50,19613.50,0.00,0,0,0,0
28-09-2023 12:58:00,19611.85,19617.90,19608.60,19617.35,0.00,0,0,0,0
28-09-2023 12:57:00,19602.95,19612.20,19602.30,19612.20,0.00,0,0,0,0
28-09-2023 12:56:00,19607.60,19607.60,19602.45,19602.85,0.00,0,0,0,0
28-09-2023 12:55:00,19610.10,19611.05,19607.60,19608.45,0.00,0,0,0,0
28-09-2023 12:54:00,19608.85,19612.45,19608.50,19610.30,0.00,0,0,0,0
28-09-2023 12:53:00,19609.40,19612.90,19606.85,19609.20,0.00,0,0,0,0
28-09-2023 12:52:00,19610.55,19611.05,19607.10,19609.60,0.00,0,0,0,0
28-09-2023 12:51:00,19608.50,19613.00,19607.95,19611.00,0.00,0,0,0,0
28-09-2023 12:50:00,19609.25,19612.40,19606.20,19608.05,0.00,0,0,0,0
28-09-2023 12:49:00,19608.05,19611.05,19605.15,19609.65,0.00,0,0,0,0
28-09-2023 12:48:00,19605.35,19607.85,19603.85,19607.85,0.00,0,0,0,0
28-09-2023 12:47:00,19614.45,19614.45,19606.15,19606.15,0.00,0,0,0,0
28-09-2023 12:46:00,19615.30,19617.50,19614.05,19614.25,0.00,0,0,0,0
28-09-2023 12:45:00,19612.35,19616.50,19609.80,19615.95,0.00,0,0,0,0
28-09-2023 12:44:00,19606.80,19613.55,19606.10,19612.75,0.00,0,0,0,0
28-09-2023 12:43:00,19603.95,19606.30,19601.00,19606.30,0.00,0,0,0,0
28-09-2023 12:42:00,19599.85,19605.30,19598.40,19604.80,0.00,0,0,0,0
28-09-2023 12:41:00,19605.75,19605.75,19599.75,19599.75,0.00,0,0,0,0
28-09-2023 12:40:00,19604.65,19608.60,19604.40,19606.20,0.00,0,0,0,0
28-09-2023 12:39:00,19609.75,19610.10,19604.60,19605.75,0.00,0,0,0,0
28-09-2023 12:38:00,19610.95,19612.55,19609.45,19610.00,0.00,0,0,0,0
28-09-2023 12:37:00,19617.95,19617.95,19609.95,19610.50,0.00,0,0,0,0
28-09-2023 12:36:00,19617.50,19619.95,19613.95,19616.95,0.00,0,0,0,0
28-09-2023 12:35:00,19621.45,19621.95,19617.00,19617.15,0.00,0,0,0,0
28-09-2023 12:34:00,19623.50,19624.50,19621.00,19621.00,0.00,0,0,0,0
28-09-2023 12:33:00,19623.50,19626.30,19623.00,19624.30,0.00,0,0,0,0
28-09-2023 12:32:00,19621.60,19624.85,19619.85,19624.85,0.00,0,0,0,0
28-09-2023 12:31:00,19615.80,19621.95,19615.40,19621.50,0.00,0,0,0,0
28-09-2023 12:30:00,19616.20,19617.80,19614.50,19616.95,0.00,0,0,0,0
28-09-2023 12:29:00,19616.25,19616.55,19614.35,19616.55,0.00,0,0,0,0
28-09-2023 12:28:00,19615.75,19618.55,19615.30,19615.35,0.00,0,0,0,0
28-09-2023 12:27:00,19614.00,19615.55,19610.60,19615.55,0.00,0,0,0,0
28-09-2023 12:26:00,19623.55,19623.65,19612.95,19613.30,0.00,0,0,0,0
28-09-2023 12:25:00,19625.10,19626.70,19623.45,19623.50,0.00,0,0,0,0
28-09-2023 12:24:00,19626.05,19627.00,19624.80,19625.20,0.00,0,0,0,0
28-09-2023 12:23:00,19623.30,19628.10,19622.35,19625.85,0.00,0,0,0,0
28-09-2023 12:22:00,19624.50,19626.95,19623.15,19623.15,0.00,0,0,0,0
28-09-2023 12:21:00,19628.75,19633.95,19624.05,19624.05,0.00,0,0,0,0
28-09-2023 12:20:00,19632.60,19632.60,19623.80,19629.50,0.00,0,0,0,0
28-09-2023 12:19:00,19632.85,19633.85,19631.30,19631.90,0.00,0,0,0,0
28-09-2023 12:18:00,19634.35,19635.45,19632.60,19632.60,0.00,0,0,0,0
28-09-2023 12:17:00,19633.50,19636.65,19631.75,19634.55,0.00,0,0,0,0
28-09-2023 12:16:00,19630.15,19633.60,19628.65,19633.60,0.00,0,0,0,0
28-09-2023 12:15:00,19629.70,19630.85,19628.80,19630.00,0.00,0,0,0,0
28-09-2023 12:14:00,19631.60,19632.00,19628.85,19629.80,0.00,0,0,0,0
28-09-2023 12:13:00,19631.10,19633.70,19630.70,19631.50,0.00,0,0,0,0
28-09-2023 12:12:00,19630.50,19631.25,19629.15,19630.85,0.00,0,0,0,0
28-09-2023 12:11:00,19632.40,19632.85,19629.75,19630.30,0.00,0,0,0,0
28-09-2023 12:10:00,19622.00,19633.95,19620.35,19633.25,0.00,0,0,0,0
28-09-2023 12:09:00,19622.95,19624.10,19621.15,19621.15,0.00,0,0,0,0
28-09-2023 12:08:00,19625.35,19625.45,19623.05,19624.00,0.00,0,0,0,0
28-09-2023 12:07:00,19629.80,19629.80,19624.65,19625.60,0.00,0,0,0,0
28-09-2023 12:06:00,19631.85,19635.40,19628.90,19629.65,0.00,0,0,0,0
28-09-2023 12:05:00,19625.70,19631.45,19623.20,19631.45,0.00,0,0,0,0
28-09-2023 12:04:00,19626.25,19626.25,19624.05,19625.05,0.00,0,0,0,0
28-09-2023 12:03:00,19629.35,19629.35,19623.45,19626.50,0.00,0,0,0,0
28-09-2023 12:02:00,19626.25,19629.30,19620.90,19627.70,0.00,0,0,0,0
28-09-2023 12:01:00,19630.00,19630.35,19625.15,19626.75,0.00,0,0,0,0
28-09-2023 12:00:00,19627.90,19631.75,19627.90,19629.85,0.00,0,0,0,0
28-09-2023 11:59:00,19636.00,19636.00,19627.45,19628.50,0.00,0,0,0,0
28-09-2023 11:58:00,19633.50,19636.20,19631.15,19636.20,0.00,0,0,0,0
28-09-2023 11:57:00,19629.40,19635.45,19628.65,19633.65,0.00,0,0,0,0
28-09-2023 11:56:00,19638.95,19638.95,19626.95,19629.20,0.00,0,0,0,0
28-09-2023 11:55:00,19648.05,19648.05,19638.70,19638.70,0.00,0,0,0,0
28-09-2023 11:54:00,19653.90,19653.95,19647.40,19647.55,0.00,0,0,0,0
28-09-2023 11:53:00,19648.20,19654.60,19647.35,19653.50,0.00,0,0,0,0
28-09-2023 11:52:00,19644.25,19649.95,19642.80,19647.90,0.00,0,0,0,0
28-09-2023 11:51:00,19644.35,19645.50,19642.60,19644.00,0.00,0,0,0,0
28-09-2023 11:50:00,19640.55,19644.45,19639.55,19644.20,0.00,0,0,0,0
28-09-2023 11:49:00,19645.65,19645.75,19639.45,19640.40,0.00,0,0,0,0
28-09-2023 11:48:00,19650.10,19650.10,19645.85,19645.90,0.00,0,0,0,0
28-09-2023 11:47:00,19641.50,19648.75,19639.85,19648.75,0.00,0,0,0,0
28-09-2023 11:46:00,19640.30,19642.55,19639.75,19641.30,0.00,0,0,0,0
28-09-2023 11:45:00,19637.75,19640.90,19637.10,19640.10,0.00,0,0,0,0
28-09-2023 11:44:00,19638.80,19639.95,19634.15,19637.30,0.00,0,0,0,0
28-09-2023 11:43:00,19646.20,19646.55,19636.90,19638.50,0.00,0,0,0,0
28-09-2023 11:42:00,19645.30,19648.10,19644.65,19646.90,0.00,0,0,0,0
28-09-2023 11:41:00,19644.35,19645.75,19643.00,19645.75,0.00,0,0,0,0
28-09-2023 11:40:00,19641.10,19645.15,19640.15,19644.15,0.00,0,0,0,0
28-09-2023 11:39:00,19631.50,19641.30,19631.30,19641.25,0.00,0,0,0,0
28-09-2023 11:38:00,19640.80,19640.80,19631.75,19631.75,0.00,0,0,0,0
28-09-2023 11:37:00,19639.40,19641.55,19638.05,19640.00,0.00,0,0,0,0
28-09-2023 11:36:00,19639.80,19641.45,19638.60,19639.35,0.00,0,0,0,0
28-09-2023 11:35:00,19634.95,19639.95,19634.85,19638.70,0.00,0,0,0,0
28-09-2023 11:34:00,19639.25,19639.50,19634.05,19635.45,0.00,0,0,0,0
28-09-2023 11:33:00,19643.70,19647.65,19637.35,19637.35,0.00,0,0,0,0
28-09-2023 11:32:00,19646.00,19646.00,19641.45,19643.80,0.00,0,0,0,0
28-09-2023 11:31:00,19647.85,19652.75,19644.00,19645.65,0.00,0,0,0,0
28-09-2023 11:30:00,19639.95,19648.75,19639.95,19648.30,0.00,0,0,0,0
28-09-2023 11:29:00,19655.35,19655.35,19640.90,19640.90,0.00,0,0,0,0
28-09-2023 11:28:00,19656.70,19656.95,19654.15,19655.45,0.00,0,0,0,0
28-09-2023 11:27:00,19653.05,19657.50,19653.05,19656.10,0.00,0,0,0,0
28-09-2023 11:26:00,19656.45,19660.80,19653.30,19653.30,0.00,0,0,0,0
28-09-2023 11:25:00,19651.75,19657.30,19650.25,19657.25,0.00,0,0,0,0
28-09-2023 11:24:00,19649.65,19651.90,19647.05,19651.90,0.00,0,0,0,0
28-09-2023 11:23:00,19655.15,19655.20,19643.50,19649.10,0.00,0,0,0,0
28-09-2023 11:22:00,19656.50,19656.50,19648.20,19655.45,0.00,0,0,0,0
28-09-2023 11:21:00,19667.75,19668.45,19653.40,19658.45,0.00,0,0,0,0
28-09-2023 11:20:00,19665.65,19667.95,19664.60,19667.10,0.00,0,0,0,0
28-09-2023 11:19:00,19664.00,19668.55,19663.50,19667.85,0.00,0,0,0,0
28-09-2023 11:18:00,19661.25,19664.60,19661.25,19664.60,0.00,0,0,0,0
28-09-2023 11:17:00,19660.65,19663.40,19660.25,19662.80,0.00,0,0,0,0
28-09-2023 11:16:00,19660.00,19662.75,19658.90,19661.70,0.00,0,0,0,0
28-09-2023 11:15:00,19659.70,19662.20,19658.35,19661.80,0.00,0,0,0,0
28-09-2023 11:14:00,19662.75,19663.15,19659.05,19659.05,0.00,0,0,0,0
28-09-2023 11:13:00,19665.50,19667.80,19661.05,19662.55,0.00,0,0,0,0
28-09-2023 11:12:00,19668.65,19668.65,19663.20,19667.45,0.00,0,0,0,0
28-09-2023 11:11:00,19673.35,19673.55,19666.90,19670.75,0.00,0,0,0,0
28-09-2023 11:10:00,19674.65,19675.65,19671.50,19672.95,0.00,0,0,0,0
28-09-2023 11:09:00,19691.80,19692.20,19671.60,19673.90,0.00,0,0,0,0
28-09-2023 11:08:00,19696.20,19696.20,19692.50,19692.50,0.00,0,0,0,0
28-09-2023 11:07:00,19694.85,19699.40,19693.65,19696.80,0.00,0,0,0,0
28-09-2023 11:06:00,19689.10,19695.85,19688.40,19695.25,0.00,0,0,0,0
28-09-2023 11:05:00,19685.70,19689.00,19684.35,19688.45,0.00,0,0,0,0
28-09-2023 11:04:00,19683.50,19686.40,19683.50,19685.45,0.00,0,0,0,0
28-09-2023 11:03:00,19687.65,19688.25,19683.25,19684.60,0.00,0,0,0,0
28-09-2023 11:02:00,19688.70,19690.30,19686.15,19686.15,0.00,0,0,0,0
28-09-2023 11:01:00,19690.75,19691.20,19685.50,19687.85,0.00,0,0,0,0
28-09-2023 11:00:00,19691.80,19692.10,19689.25,19690.60,0.00,0,0,0,0
28-09-2023 10:59:00,19691.70,19692.65,19688.00,19692.00,0.00,0,0,0,0
28-09-2023 10:58:00,19690.65,19692.55,19688.65,19691.35,0.00,0,0,0,0
28-09-2023 10:57:00,19694.20,19696.25,19690.35,19693.45,0.00,0,0,0,0
28-09-2023 10:56:00,19692.00,19696.45,19690.25,19696.10,0.00,0,0,0,0
28-09-2023 10:55:00,19696.80,19696.80,19692.20,19693.15,0.00,0,0,0,0
28-09-2023 10:54:00,19699.25,19700.05,19695.40,19696.50,0.00,0,0,0,0
28-09-2023 10:53:00,19700.50,19700.75,19694.60,19699.60,0.00,0,0,0,0
28-09-2023 10:52:00,19700.80,19702.40,19697.60,19699.05,0.00,0,0,0,0
28-09-2023 10:51:00,19700.15,19703.75,19699.95,19700.40,0.00,0,0,0,0
28-09-2023 10:50:00,19702.05,19706.15,19697.00,19701.45,0.00,0,0,0,0
28-09-2023 10:49:00,19703.65,19706.55,19699.55,19702.20,0.00,0,0,0,0
28-09-2023 10:48:00,19701.85,19705.60,19701.85,19703.75,0.00,0,0,0,0
28-09-2023 10:47:00,19699.65,19702.10,19699.05,19702.10,0.00,0,0,0,0
28-09-2023 10:46:00,19694.50,19699.55,19693.00,19698.80,0.00,0,0,0,0
28-09-2023 10:45:00,19689.00,19693.35,19688.10,19692.70,0.00,0,0,0,0
28-09-2023 10:44:00,19694.40,19695.70,19687.20,19688.10,0.00,0,0,0,0
28-09-2023 10:43:00,19689.55,19696.20,19687.60,19694.25,0.00,0,0,0,0
28-09-2023 10:42:00,19706.70,19706.70,19690.15,19690.15,0.00,0,0,0,0
28-09-2023 10:41:00,19708.55,19710.15,19704.65,19706.55,0.00,0,0,0,0
28-09-2023 10:40:00,19706.05,19709.60,19704.60,19707.75,0.00,0,0,0,0
28-09-2023 10:39:00,19708.65,19709.30,19702.95,19705.80,0.00,0,0,0,0
28-09-2023 10:38:00,19709.50,19711.45,19705.40,19710.15,0.00,0,0,0,0
28-09-2023 10:37:00,19716.25,19717.05,19710.10,19711.90,0.00,0,0,0,0
28-09-2023 10:36:00,19712.65,19717.45,19711.05,19716.10,0.00,0,0,0,0
28-09-2023 10:35:00,19710.05,19715.05,19710.05,19712.60,0.00,0,0,0,0
28-09-2023 10:34:00,19712.80,19714.75,19710.60,19712.15,0.00,0,0,0,0
28-09-2023 10:33:00,19712.00,19713.85,19708.75,19711.85,0.00,0,0,0,0
28-09-2023 10:32:00,19710.30,19712.00,19699.65,19711.45,0.00,0,0,0,0
28-09-2023 10:31:00,19714.10,19715.35,19708.60,19708.80,0.00,0,0,0,0
28-09-2023 10:30:00,19714.15,19718.20,19709.90,19716.05,0.00,0,0,0,0
28-09-2023 10:29:00,19714.30,19718.90,19712.25,19713.25,0.00,0,0,0,0
28-09-2023 10:28:00,19709.05,19715.55,19704.65,19713.75,0.00,0,0,0,0
28-09-2023 10:27:00,19718.90,19726.80,19710.50,19711.25,0.00,0,0,0,0
28-09-2023 10:26:00,19699.05,19719.25,19697.85,19719.25,0.00,0,0,0,0
28-09-2023 10:25:00,19720.90,19732.55,19700.10,19700.90,0.00,0,0,0,0
28-09-2023 10:24:00,19744.35,19744.80,19709.85,19719.10,0.00,0,0,0,0
28-09-2023 10:23:00,19747.00,19749.90,19742.40,19743.20,0.00,0,0,0,0
28-09-2023 10:22:00,19737.35,19747.20,19737.10,19746.15,0.00,0,0,0,0
28-09-2023 10:21:00,19735.80,19738.65,19735.20,19737.15,0.00,0,0,0,0
28-09-2023 10:20:00,19734.50,19738.20,19733.65,19736.60,0.00,0,0,0,0
28-09-2023 10:19:00,19734.55,19737.60,19733.15,19734.95,0.00,0,0,0,0
28-09-2023 10:18:00,19729.75,19734.70,19729.55,19734.70,0.00,0,0,0,0
28-09-2023 10:17:00,19727.40,19733.70,19727.40,19728.95,0.00,0,0,0,0
28-09-2023 10:16:00,19727.90,19736.85,19727.55,19728.60,0.00,0,0,0,0
28-09-2023 10:15:00,19732.30,19733.40,19728.60,19728.60,0.00,0,0,0,0
28-09-2023 10:14:00,19734.25,19738.10,19730.05,19732.20,0.00,0,0,0,0
28-09-2023 10:13:00,19727.70,19734.40,19725.55,19733.55,0.00,0,0,0,0
28-09-2023 10:12:00,19720.85,19729.90,19719.40,19728.15,0.00,0,0,0,0
28-09-2023 10:11:00,19726.50,19728.80,19720.95,19721.60,0.00,0,0,0,0
28-09-2023 10:10:00,19727.90,19730.05,19723.45,19727.00,0.00,0,0,0,0
28-09-2023 10:09:00,19728.95,19731.05,19725.20,19727.30,0.00,0,0,0,0
28-09-2023 10:08:00,19726.75,19731.75,19725.50,19728.65,0.00,0,0,0,0
28-09-2023 10:07:00,19713.70,19725.05,19713.70,19725.05,0.00,0,0,0,0
28-09-2023 10:06:00,19701.45,19716.05,19699.45,19713.75,0.00,0,0,0,0
28-09-2023 10:05:00,19700.35,19702.50,19698.70,19701.80,0.00,0,0,0,0
28-09-2023 10:04:00,19694.70,19706.40,19694.65,19700.55,0.00,0,0,0,0
28-09-2023 10:03:00,19694.20,19696.35,19691.20,19696.35,0.00,0,0,0,0
28-09-2023 10:02:00,19685.25,19693.90,19682.65,19693.90,0.00,0,0,0,0
28-09-2023 10:01:00,19684.95,19687.35,19681.40,19685.50,0.00,0,0,0,0
28-09-2023 10:00:00,19680.40,19687.70,19677.90,19685.80,0.00,0,0,0,0
28-09-2023 09:59:00,19678.40,19682.90,19676.70,19680.80,0.00,0,0,0,0
28-09-2023 09:58:00,19685.05,19685.10,19675.15,19677.70,0.00,0,0,0,0
28-09-2023 09:57:00,19687.40,19690.75,19683.55,19684.95,0.00,0,0,0,0
28-09-2023 09:56:00,19687.35,19688.85,19680.30,19687.10,0.00,0,0,0,0
28-09-2023 09:55:00,19692.55,19693.95,19685.35,19687.45,0.00,0,0,0,0
28-09-2023 09:54:00,19690.30,19693.45,19688.30,19691.05,0.00,0,0,0,0
28-09-2023 09:53:00,19688.90,19693.20,19685.30,19689.80,0.00,0,0,0,0
28-09-2023 09:52:00,19694.20,19694.65,19686.00,19688.60,0.00,0,0,0,0
28-09-2023 09:51:00,19689.25,19694.85,19682.75,19694.85,0.00,0,0,0,0
28-09-2023 09:50:00,19700.60,19702.30,19683.35,19689.10,0.00,0,0,0,0
28-09-2023 09:49:00,19703.35,19705.65,19692.65,19698.85,0.00,0,0,0,0
28-09-2023 09:48:00,19693.50,19706.15,19693.50,19703.30,0.00,0,0,0,0
28-09-2023 09:47:00,19685.50,19694.00,19685.10,19693.05,0.00,0,0,0,0
28-09-2023 09:46:00,19691.15,19693.45,19674.70,19685.25,0.00,0,0,0,0
28-09-2023 09:45:00,19687.60,19691.70,19685.05,19691.55,0.00,0,0,0,0
28-09-2023 09:44:00,19697.75,19697.75,19686.95,19686.95,0.00,0,0,0,0
28-09-2023 09:43:00,19702.85,19702.85,19692.30,19694.00,0.00,0,0,0,0
28-09-2023 09:42:00,19714.55,19714.75,19704.10,19705.55,0.00,0,0,0,0
28-09-2023 09:41:00,19705.10,19716.10,19703.45,19716.10,0.00,0,0,0,0
28-09-2023 09:40:00,19703.85,19709.55,19702.70,19705.05,0.00,0,0,0,0
28-09-2023 09:39:00,19705.35,19706.00,19700.30,19704.65,0.00,0,0,0,0
28-09-2023 09:38:00,19715.20,19715.55,19705.05,19706.35,0.00,0,0,0,0
28-09-2023 09:37:00,19725.10,19725.85,19713.50,19715.05,0.00,0,0,0,0
28-09-2023 09:36:00,19733.30,19733.45,19719.20,19727.35,0.00,0,0,0,0
28-09-2023 09:35:00,19733.00,19734.50,19727.95,19734.35,0.00,0,0,0,0
28-09-2023 09:34:00,19733.70,19733.90,19727.95,19731.90,0.00,0,0,0,0
28-09-2023 09:33:00,19730.35,19734.95,19726.75,19734.15,0.00,0,0,0,0
28-09-2023 09:32:00,19733.45,19736.85,19727.30,19728.05,0.00,0,0,0,0
28-09-2023 09:31:00,19728.95,19736.95,19720.50,19736.95,0.00,0,0,0,0
28-09-2023 09:30:00,19732.35,19734.30,19726.75,19730.45,0.00,0,0,0,0
28-09-2023 09:29:00,19731.90,19737.50,19726.05,19732.30,0.00,0,0,0,0
28-09-2023 09:28:00,19747.95,19748.60,19734.95,19736.20,0.00,0,0,0,0
28-09-2023 09:27:00,19747.40,19748.90,19743.50,19746.95,0.00,0,0,0,0
28-09-2023 09:26:00,19744.50,19749.40,19743.15,19748.05,0.00,0,0,0,0
28-09-2023 09:25:00,19754.80,19754.80,19743.75,19743.75,0.00,0,0,0,0
28-09-2023 09:24:00,19747.35,19754.55,19741.20,19754.20,0.00,0,0,0,0
28-09-2023 09:23:00,19744.00,19749.35,19740.35,19747.20,0.00,0,0,0,0
28-09-2023 09:22:00,19735.85,19750.35,19735.20,19746.35,0.00,0,0,0,0
28-09-2023 09:21:00,19737.55,19739.15,19729.60,19734.70,0.00,0,0,0,0
28-09-2023 09:20:00,19750.85,19751.50,19735.00,19735.25,0.00,0,0,0,0
28-09-2023 09:19:00,19744.00,19751.90,19740.95,19751.85,0.00,0,0,0,0
28-09-2023 09:18:00,19747.30,19747.30,19739.15,19741.55,0.00,0,0,0,0
28-09-2023 09:17:00,19749.35,19750.40,19741.40,19745.95,0.00,0,0,0,0
28-09-2023 09:16:00,19746.80,19752.65,19740.55,19750.30,0.00,0,0,0,0
28-09-2023 09:15:00,19755.85,19766.15,19743.30,19745.15,0.00,0,0,0,0
28-09-2023 09:14:00,19761.80,19761.80,19761.80,19761.80,0.00,0,0,0,0
28-09-2023 09:13:00,19761.80,19761.80,19761.80,19761.80,0.00,0,0,0,0
28-09-2023 09:12:00,19761.80,19761.80,19761.80,19761.80,0.00,0,0,0,0
28-09-2023 09:11:00,19761.80,19761.80,19761.80,19761.80,0.00,0,0,0,0
28-09-2023 09:10:01,19761.80,19761.80,19761.80,19761.80,0.00,0,0,0,0
28-09-2023 09:09:00,19761.80,19761.80,19761.80,19761.80,0.00,0,0,0,0
28-09-2023 09:08:00,19761.80,19761.80,19761.80,19761.80,0.00,0,0,0,0
28-09-2023 09:07:00,19773.55,19773.55,19761.80,19761.80,0.00,0,0,0,0
28-09-2023 09:06:00,19798.60,19798.60,19773.55,19774.35,0.00,0,0,0,0
28-09-2023 09:05:00,19801.05,19812.45,19794.75,19799.85,0.00,0,0,0,0
28-09-2023 09:04:00,19828.50,19828.85,19800.95,19800.95,0.00,0,0,0,0
28-09-2023 09:03:00,19823.70,19837.30,19821.05,19827.10,0.00,0,0,0,0
28-09-2023 09:02:00,19879.20,19889.85,19823.15,19824.70,0.00,0,0,0,0
28-09-2023 09:01:00,19911.50,19941.70,19879.05,19879.05,0.00,0,0,0,0
28-09-2023 09:00:00,20034.50,20034.50,19900.95,19912.50,0.00,0,0,0,0
